year,month,period,pairs,kg_net,fob_usd,freight_usd,insurance_usd,cif_usd_proxy,avg_fob_usd_pair,kg_per_pair,fob_usd_per_kg,source_rows
1997,1,1997-01-01,145592,119744,3870961,63386,34331,3968678,26.587731,0.822463,32.326973,7
1997,2,1997-02-01,319472,303357,6292437,157187,48586,6498210,19.696365,0.949557,20.742679,43
1997,3,1997-03-01,344636,254717,7233314,154436,56252,7444002,20.988272,0.73909,28.397453,43
1997,4,1997-04-01,474193,374318,10346466,232392,83564,10662422,21.819103,0.789379,27.640845,45
1997,5,1997-05-01,335175,254043,8279005,166245,68907,8514157,24.700544,0.757941,32.588991,40
1997,6,1997-06-01,397246,308760,8746182,160063,70477,8976722,22.017042,0.777251,28.326798,39
1997,7,1997-07-01,289690,226254,6906844,219115,58973,7184932,23.84219,0.781021,30.526948,43
1997,8,1997-08-01,372041,318172,8305591,186075,65187,8556853,22.324397,0.855207,26.104091,39
1997,9,1997-09-01,509023,427673,10040564,266966,50825,10358355,19.725168,0.840184,23.477199,40
1997,10,1997-10-01,581219,498296,12251832,309997,59894,12621723,21.079545,0.857329,24.587458,55
1997,11,1997-11-01,355986,306211,6322570,165962,26844,6515376,17.760727,0.860177,20.647756,43
1997,12,1997-12-01,182991,162231,3796126,86919,18922,3901967,20.744878,0.886552,23.399511,38
1998,1,1998-01-01,140997,123595,2460707,77569,11554,2549830,17.452194,0.876579,19.909438,34
1998,2,1998-02-01,164387,140463,2871426,80543,14212,2966181,17.467476,0.854465,20.442579,30
1998,3,1998-03-01,337523,302155,6383846,132856,34922,6551624,18.91381,0.895213,21.127719,41
1998,4,1998-04-01,227774,198005,3775196,111997,17899,3905092,16.574306,0.869305,19.066165,33
1998,5,1998-05-01,363161,311837,6596764,181413,37355,6815532,18.164847,0.858674,21.154526,45
1998,6,1998-06-01,212414,188395,4294822,90329,25348,4410499,20.21911,0.886924,22.7969,28
1998,7,1998-07-01,244544,207328,4495322,92566,24539,4612427,18.382467,0.847815,21.682175,36
1998,8,1998-08-01,191939,172246,2811301,71393,13471,2896165,14.646846,0.8974,16.32143,30
1998,9,1998-09-01,372118,319996,6259093,121394,38282,6418769,16.820183,0.859932,19.55991,41
1998,10,1998-10-01,315349,262594,4878370,129961,25423,5033754,15.469749,0.832709,18.577614,31
1998,11,1998-11-01,324274,280649,5270060,112757,23845,5406662,16.251873,0.865469,18.778118,36
1998,12,1998-12-01,277677,238292,5122321,76131,28253,5226705,18.447048,0.858163,21.495984,31
1999,1,1999-01-01,140496,129072,2203837,43009,9565,2256411,15.686119,0.918688,17.074478,30
1999,2,1999-02-01,97212,88987,1745547,29007,9952,1784506,17.956086,0.915391,19.615753,16
1999,3,1999-03-01,83336,77995,1443380,25410,6502,1475292,17.320006,0.93591,18.506058,24
1999,4,1999-04-01,186247,160512,2891369,58787,14215,2964371,15.524379,0.861823,18.013413,20
1999,5,1999-05-01,164156,147741,2414351,51461,11974,2477786,14.707662,0.900004,16.341781,29
1999,6,1999-06-01,86194,77093,1081836,20309,4444,1106589,12.551175,0.894413,14.032869,20
1999,7,1999-07-01,32977,30672,468575,8897,1920,479392,14.209146,0.930103,15.276963,13
1999,8,1999-08-01,94928,93913,688559,20853,550,709962,7.253487,0.989308,7.331882,24
1999,9,1999-09-01,134156,145698,1222225,61105,3311,1286641,9.110476,1.086034,8.388756,20
1999,10,1999-10-01,64229,67899,527801,29001,1700,558502,8.217487,1.057139,7.773325,21
1999,11,1999-11-01,59801,55815,596142,24685,1061,621888,9.968763,0.933346,10.680677,28
1999,12,1999-12-01,38943,38206,431581,12024,249,443854,11.082377,0.981075,11.296158,23
2000,1,2000-01-01,32829,28962,458779,16742,727,476248,13.974809,0.882208,15.840722,14
2000,2,2000-02-01,33667,29017,189180,18209,531,207920,5.619152,0.861883,6.519626,10
2000,3,2000-03-01,12181,12152,149364,7169,475,157008,12.262047,0.997619,12.29131,14
2000,4,2000-04-01,45897,44027,577662,26985,872,605519,12.586051,0.959257,13.120631,16
2000,5,2000-05-01,40457,38777,457544,16284,637,474465,11.30939,0.958474,11.799366,19
2000,6,2000-06-01,27253,25581,275663,14568,681,290912,10.11496,0.938649,10.776084,21
2000,7,2000-07-01,33302,41110,314095,22580,599,337274,9.431716,1.23446,7.640355,21
2000,8,2000-08-01,57428,43394,640539,31605,3777,675921,11.153775,0.755624,14.761004,15
2000,9,2000-09-01,29045,25510,378017,27016,1354,406387,13.014873,0.878292,14.818385,15
2000,10,2000-10-01,49180,37845,296374,18360,331,315065,6.026312,0.76952,7.831259,17
2000,11,2000-11-01,41537,30669,361054,21353,783,383190,8.692347,0.738354,11.772604,16
2000,12,2000-12-01,34666,26444,441856,21311,356,463523,12.746091,0.762822,16.709121,21
2001,1,2001-01-01,28033,27167,363218,21868,743,385829,12.956801,0.969108,13.369824,14
2001,2,2001-02-01,31924,35518,355234,28317,92,383643,11.12749,1.11258,10.00152,17
2001,3,2001-03-01,84341,85077,809307,52918,554,862779,9.595653,1.008726,9.512641,34
2001,4,2001-04-01,42292,40637,468254,30743,344,499341,11.071928,0.960867,11.522849,22
2001,5,2001-05-01,42121,44612,429090,26564,579,456233,10.18708,1.059139,9.618264,17
2001,6,2001-06-01,50843,61239,550240,31142,581,581963,10.822335,1.204473,8.985124,23
2001,7,2001-07-01,67658,74061,560196,42485,547,603228,8.279819,1.094638,7.563981,27
2001,8,2001-08-01,42172,43367,381626,21639,255,403520,9.049274,1.028336,8.799917,18
2001,9,2001-09-01,37876,49169,679515,28391,501,708407,17.940516,1.298157,13.819988,16
2001,10,2001-10-01,64568,61812,543795,34680,211,578686,8.422051,0.957316,8.797564,23
2001,11,2001-11-01,87712,77573,654648,47931,826,703405,7.463608,0.884406,8.439122,19
2001,12,2001-12-01,41569,39448,136654,13998,64,150716,3.287402,0.948976,3.464155,16
2002,1,2002-01-01,78932,70266,445464,30855,284,476603,5.643643,0.890209,6.339681,20
2002,2,2002-02-01,58459,54992,704502,27260,216,731978,12.051215,0.940693,12.810991,18
2002,3,2002-03-01,91552,83122,1167277,42950,2623,1212850,12.74988,0.907921,14.042937,14
2002,4,2002-04-01,93528,55296,679099,29201,923,709223,7.260917,0.591224,12.28116,18
2002,5,2002-05-01,131962,87456,1356539,50390,2368,1409297,10.27977,0.662736,15.511103,26
2002,6,2002-06-01,69403,64898,710539,28978,1227,740744,10.237872,0.935089,10.94855,21
2002,7,2002-07-01,129202,98391,1744482,48112,3595,1796189,13.501974,0.761528,17.730097,17
2002,8,2002-08-01,153571,107503,2163081,76274,5643,2244998,14.085218,0.700021,20.121122,21
2002,9,2002-09-01,176845,132046,2918821,77840,4674,3001335,16.504968,0.746676,22.104577,21
2002,10,2002-10-01,223676,148112,3020806,93041,5339,3119186,13.505275,0.662172,20.395417,17
2002,11,2002-11-01,238709,181421,2980607,95296,3613,3079516,12.486362,0.760009,16.429228,17
2002,12,2002-12-01,86916,79594,719425,50244,1748,771417,8.277245,0.915758,9.038684,27
2003,1,2003-01-01,102876,75346,1689426,44319,9446,1743191,16.421964,0.732396,22.422239,9
2003,2,2003-02-01,115372,87747,2103323,46845,4329,2154497,18.230793,0.760557,23.970312,14
2003,3,2003-03-01,51159,42841,895357,23781,3456,922594,17.501456,0.837409,20.899535,17
2003,4,2003-04-01,159242,103866,2004585,46700,4848,2056133,12.588293,0.652253,19.299723,21
2003,5,2003-05-01,129974,101399,2135185,43026,7456,2185667,16.427786,0.780148,21.057259,15
2003,6,2003-06-01,233383,170954,2735306,73888,5818,2815012,11.720245,0.732504,16.000246,22
2003,7,2003-07-01,108901,86217,1799207,46001,4535,1849743,16.521492,0.791701,20.868355,23
2003,8,2003-08-01,176001,117047,2102427,55850,6226,2164503,11.94554,0.665036,17.962246,16
2003,9,2003-09-01,245085,190839,4327701,92730,14513,4434944,17.657959,0.778665,22.677236,18
2003,10,2003-10-01,320716,278249,4519555,112737,2339,4634631,14.092078,0.867587,16.242844,26
2003,11,2003-11-01,133814,97781,1425401,52557,5621,1483579,10.652107,0.730723,14.577484,14
2003,12,2003-12-01,100764,97982,1005595,108075,3060,1116730,9.979705,0.972391,10.263059,28
2004,1,2004-01-01,162475,128750,2029150,63438,9451,2102039,12.488998,0.79243,15.760388,23
2004,2,2004-02-01,114488,106109,1290744,43242,4505,1338491,11.274055,0.926813,12.164322,22
2004,3,2004-03-01,140144,109017,1160664,186998,2941,1350603,8.281939,0.777893,10.646633,21
2004,4,2004-04-01,161027,127845,2348011,72459,3122,2423592,14.581474,0.793935,18.366076,14
2004,5,2004-05-01,137981,121293,1755973,79396,5070,1840439,12.726194,0.879056,14.477117,20
2004,6,2004-06-01,290635,257092,3990650,185639,10671,4186960,13.730796,0.884587,15.522264,34
2004,7,2004-07-01,188908,157273,2306402,122253,8444,2437099,12.209128,0.832538,14.664958,33
2004,8,2004-08-01,234786,203040,3921679,123355,6541,4051575,16.703206,0.864788,19.31481,31
2004,9,2004-09-01,183129,149774,2602223,117923,9333,2729479,14.209781,0.817861,17.374331,31
2004,10,2004-10-01,308029,249214,4101960,211860,8933,4322753,13.316798,0.80906,16.459589,32
2004,11,2004-11-01,296984,258859,3667208,264696,6531,3938435,12.348167,0.871626,14.166817,40
2004,12,2004-12-01,194410,159140,2787781,389572,8235,3185588,14.3397,0.818579,17.517789,35
2005,1,2005-01-01,216895,160520,3377758,150638,10848,3539244,15.573241,0.740082,21.042599,30
2005,2,2005-02-01,305356,230058,3921504,166382,8307,4096193,12.8424,0.753409,17.045719,35
2005,3,2005-03-01,287995,230544,4080143,175667,13662,4269472,14.167409,0.800514,17.697893,35
2005,4,2005-04-01,317917,260391,5250287,209355,12651,5472293,16.514647,0.819053,20.163089,30
2005,5,2005-05-01,290796,236056,4500733,295057,10964,4806754,15.477286,0.811758,19.066378,35
2005,6,2005-06-01,333240,271765,4727719,214358,10015,4952092,14.187129,0.815523,17.39635,42
2005,7,2005-07-01,392893,311116,5310887,256905,6233,5574025,13.517388,0.791859,17.07044,27
2005,8,2005-08-01,348731,271312,5388957,212461,11782,5613200,15.453048,0.777998,19.862583,27
2005,9,2005-09-01,300407,234098,4870317,233360,11689,5115366,16.212395,0.779269,20.804607,26
2005,10,2005-10-01,383930,314299,5383694,395593,9103,5788390,14.022593,0.818636,17.129211,25
2005,11,2005-11-01,324522,253481,3254013,181232,10314,3445559,10.027095,0.78109,12.837305,34
2005,12,2005-12-01,147622,125854,2311710,115723,4145,2431578,15.659658,0.852542,18.368189,30
2006,1,2006-01-01,74171,50438,1097472,58826,2056,1158354,14.796511,0.680023,21.758833,20
2006,2,2006-02-01,118220,92984,1692445,70629,4928,1768002,14.316063,0.786534,18.201465,20
2006,3,2006-03-01,200608,133103,2144200,92749,4005,2240954,10.688507,0.663498,16.109329,24
2006,4,2006-04-01,228080,169852,3438467,124727,6044,3569238,15.075706,0.744704,20.243901,36
2006,5,2006-05-01,119611,92945,1057571,60904,2084,1120559,8.841754,0.777061,11.37846,19
2006,6,2006-06-01,188677,145944,2021571,103317,3584,2128472,10.714454,0.773512,13.85169,56
2006,7,2006-07-01,306608,241525,4034469,175573,4330,4214372,13.158394,0.787732,16.704147,32
2006,8,2006-08-01,348651,283694,5965570,213096,5590,6184256,17.110434,0.81369,21.028185,36
2006,9,2006-09-01,227542,160763,3344611,146714,5770,3497095,14.698873,0.70652,20.804607,23
2006,10,2006-10-01,313457,258637,3817280,177777,3970,3999027,12.178002,0.825112,14.759219,33
2006,11,2006-11-01,281237,192554,3995315,157746,7223,4160284,14.206221,0.684668,20.749063,23
2006,12,2006-12-01,220597,170820,2675440,114768,1124,2791332,12.128179,0.774353,15.662335,26
2007,1,2007-01-01,89351,75929,1211551,119256,2099,1332906,13.559457,0.849783,15.956367,38
2007,2,2007-02-01,611388,477061,7453884,385875,6754,7846513,12.191741,0.780292,15.624593,30
2007,3,2007-03-01,322545,234942,3725240,226961,5614,3957815,11.54952,0.728401,15.855999,37
2007,4,2007-04-01,659055,473293,7245815,337308,11228,7594351,10.994249,0.718139,15.309364,21
2007,5,2007-05-01,425086,295529,4329971,236732,4549,4571252,10.186106,0.695222,14.651594,33
2007,6,2007-06-01,408448,310168,4438341,273891,7042,4719274,10.866355,0.759382,14.309474,37
2007,7,2007-07-01,316630,236806,3431288,189357,5132,3625777,10.836901,0.747895,14.489869,36
2007,8,2007-08-01,454529,329740,5691740,353956,9258,6054954,12.522281,0.725454,17.261297,35
2007,9,2007-09-01,380196,269636,4629802,256914,8719,4895435,12.177408,0.709203,17.170563,35
2007,10,2007-10-01,625781,431391,6847993,408713,12516,7269222,10.943114,0.689364,15.874214,43
2007,11,2007-11-01,293478,217713,2585831,183970,4338,2774139,8.810988,0.741838,11.877247,28
2007,12,2007-12-01,195111,129352,1504591,195635,3980,1704206,7.711462,0.662966,11.631757,39
2008,1,2008-01-01,511619,402884,7546357,395364,23088,7964809,14.749955,0.787469,18.730843,41
2008,2,2008-02-01,566438,447325,7461814,472509,19090,7953413,13.173223,0.789716,16.680968,43
2008,3,2008-03-01,786018,556670,8187831,635681,16851,8840363,10.416849,0.708215,14.70859,43
2008,4,2008-04-01,447450,321655,6524879,362805,13468,6901152,14.582365,0.718862,20.285334,37
2008,5,2008-05-01,442557,347657,6222917,417230,14479,6654626,14.061278,0.785564,17.899588,41
2008,6,2008-06-01,494044,396088,4823613,348653,10938,5183204,9.763529,0.801726,12.178135,44
2008,7,2008-07-01,579967,416723,6941324,445309,12016,7398649,11.968481,0.718529,16.656926,40
2008,8,2008-08-01,540597,411726,7757063,468748,15620,8241431,14.349068,0.761614,18.840353,46
2008,9,2008-09-01,592709,413682,7566181,527750,12622,8106553,12.765423,0.697951,18.289848,51
2008,10,2008-10-01,779187,567898,10254927,637174,17407,10909508,13.16106,0.728834,18.057692,39
2008,11,2008-11-01,215463,144820,2466119,170498,3841,2640458,11.445673,0.672134,17.028857,30
2008,12,2008-12-01,401217,314097,3801276,352095,6320,4159691,9.474364,0.782861,12.102236,44
2009,1,2009-01-01,660283,533124,6797388,453311,13521,7264220,10.294659,0.807417,12.750107,31
2009,2,2009-02-01,687953,505551,6927059,459018,15987,7402064,10.069088,0.734863,13.701998,32
2009,3,2009-03-01,712848,521174,8278485,361578,17755,8657818,11.613254,0.731115,15.884302,38
2009,4,2009-04-01,281452,197382,4143798,143865,9205,4296868,14.72293,0.701299,20.993799,33
2009,5,2009-05-01,254616,195383,3299477,130119,7508,3437104,12.95864,0.767363,16.887227,23
2009,6,2009-06-01,306900,241063,3340639,112460,6898,3459997,10.885106,0.785477,13.85795,27
2009,7,2009-07-01,285873,208899,3217246,154153,6446,3377845,11.254109,0.730741,15.400964,29
2009,8,2009-08-01,267705,202015,3203845,112501,3600,3319946,11.967819,0.754618,15.859441,20
2009,9,2009-09-01,361125,261075,6192640,137227,10171,6340038,17.14819,0.722949,23.719774,26
2009,10,2009-10-01,417677,316902,6598854,157903,9723,6766480,15.79894,0.758725,20.823012,28
2009,11,2009-11-01,237865,166341,4729262,119912,9610,4858784,19.882126,0.699308,28.431126,32
2009,12,2009-12-01,299134,201045,3797399,162572,5044,3965015,12.694642,0.67209,18.888304,33
2010,1,2010-01-01,177727,113170,2351585,68303,1381,2421269,13.231445,0.636763,20.779226,42
2010,2,2010-02-01,353980,255348,5655910,244298,9039,5909247,15.97805,0.721363,22.149811,31
2010,3,2010-03-01,310020,230674,4875988,221137,10030,5107155,15.727979,0.744062,21.138004,43
2010,4,2010-04-01,384779,272538,6981892,257781,14850,7254523,18.1452,0.708297,25.61805,31
2010,5,2010-05-01,457871,330931,7816225,388617,12904,8217746,17.070802,0.72276,23.618896,37
2010,6,2010-06-01,339407,243652,6288709,304753,6971,6600433,18.528519,0.717876,25.810209,32
2010,7,2010-07-01,228699,161348,3090242,220558,2978,3313778,13.512267,0.705504,19.152651,35
2010,8,2010-08-01,319042,236414,5563733,267547,5646,5836926,17.438873,0.741012,23.533856,35
2010,9,2010-09-01,426201,311178,8481301,300968,8486,8790755,19.899768,0.73012,27.255465,34
2010,10,2010-10-01,294526,208854,4692000,190098,5674,4887772,15.930682,0.709119,22.465454,21
2010,11,2010-11-01,272526,204359,4853507,214650,3943,5072100,17.809336,0.74987,23.749906,26
2010,12,2010-12-01,80045,58298,1070789,62125,1015,1133929,13.377338,0.728315,18.367508,25
2011,1,2011-01-01,656967,473821,10702528,464644,9911,11177083,16.290815,0.721225,22.587703,28
2011,2,2011-02-01,511009,341010,9372212,293932,9374,9675518,18.340601,0.667327,27.483687,29
2011,3,2011-03-01,646311,451034,10510528,412091,10600,10933219,16.262338,0.697859,23.303183,38
2011,4,2011-04-01,567345,402882,9971027,327257,8976,10307260,17.574892,0.710118,24.749249,27
2011,5,2011-05-01,388147,288794,6304060,315487,6126,6625673,16.241424,0.744033,21.828916,48
2011,6,2011-06-01,598873,406053,10758660,330045,13016,11101721,17.964844,0.678029,26.495704,29
2011,7,2011-07-01,360261,252599,6783802,206451,8887,6999140,18.830243,0.701156,26.856013,45
2011,8,2011-08-01,812233,526650,15673515,399365,19478,16092358,19.296821,0.648398,29.76078,31
2011,9,2011-09-01,974613,668977,19351992,474878,28336,19855206,19.856078,0.686403,28.927739,34
2011,10,2011-10-01,695753,475290,13656534,305855,19875,13982264,19.628423,0.68313,28.733056,24
2011,11,2011-11-01,679697,472650,13228052,776969,17656,14022677,19.46169,0.695383,27.986992,38
2011,12,2011-12-01,350108,237280,6262888,691042,5474,6959404,17.888446,0.677734,26.394504,38
2012,1,2012-01-01,1247771,842156,26002457,561618,24953,26589028,20.839126,0.674928,30.876057,34
2012,2,2012-02-01,940219,628177,19233284,435473,19131,19687888,20.456175,0.668118,30.617619,39
2012,3,2012-03-01,1264223,855948,26184312,578765,27936,26791013,20.711783,0.677055,30.591008,38
2012,4,2012-04-01,263874,212043,4455459,135121,4495,4595075,16.884797,0.803577,21.012054,27
2012,5,2012-05-01,1304659,894314,28476060,989233,33636,29498929,21.826439,0.685477,31.841232,45
2012,6,2012-06-01,1283632,845305,25669524,630185,29079,26328788,19.997573,0.658526,30.367174,38
2012,7,2012-07-01,969628,675787,19798358,467812,23697,20289867,20.418509,0.696955,29.296743,40
2012,8,2012-08-01,1389754,937808,29093356,602788,36804,29732948,20.934177,0.674801,31.022721,44
2012,9,2012-09-01,633649,428898,13534609,378790,17784,13931183,21.359789,0.67687,31.556708,32
2012,10,2012-10-01,946356,643586,21099750,437574,36204,21573528,22.295785,0.680068,32.784663,42
2012,11,2012-11-01,754329,494778,14458320,353790,21569,14833679,19.167127,0.655918,29.221833,45
2012,12,2012-12-01,647068,432472,13386976,318453,19957,13725386,20.68867,0.668356,30.95455,45
2013,1,2013-01-01,940994,618911,18388122,608308,22668,19019098,19.541168,0.65772,29.710446,33
2013,2,2013-02-01,658166,463817,14269790,405765,19331,14694886,21.681141,0.704711,30.765992,32
2013,3,2013-03-01,1103632,748915,23181047,542994,30972,23755013,21.004327,0.678591,30.952841,37
2013,4,2013-04-01,625537,422826,13074815,265656,17925,13358396,20.901745,0.675941,30.922448,32
2013,5,2013-05-01,559925,373799,12508673,287598,16492,12812763,22.339908,0.667588,33.463634,33
2013,6,2013-06-01,711862,474700,14892125,354618,19942,15266685,20.919961,0.666843,31.371656,37
2013,7,2013-07-01,931825,617847,18277046,491984,19805,18788835,19.614247,0.66305,29.581832,34
2013,8,2013-08-01,569215,385485,13321049,436656,15810,13773515,23.402491,0.677222,34.556595,35
2013,9,2013-09-01,756456,509440,16405746,796348,21546,17223640,21.687641,0.673456,32.20349,36
2013,10,2013-10-01,891226,608753,16974096,743214,17642,17734952,19.045782,0.683051,27.883388,40
2013,11,2013-11-01,635682,428933,11855725,577744,14173,12447642,18.650402,0.67476,27.640039,38
2013,12,2013-12-01,543988,377966,10720781,409686,17755,11148222,19.707753,0.694806,28.364406,36
2014,1,2014-01-01,1412293,943585,32134899,1023336,50005,33208240,22.753705,0.668123,34.056178,38
2014,2,2014-02-01,1464619,908767,29479777,752553,56007,30288337,20.127949,0.62048,32.439313,36
2014,3,2014-03-01,1067620,700766,22580644,590646,30461,23201751,21.150451,0.656381,32.222802,32
2014,4,2014-04-01,793891,519179,16117654,492956,22874,16633484,20.302099,0.653968,31.044503,53
2014,5,2014-05-01,1071537,711877,23755315,862598,23745,24641658,22.169384,0.664351,33.369971,43
2014,6,2014-06-01,1199150,774896,27090098,977888,31799,28099785,22.591084,0.646204,34.959657,35
2014,7,2014-07-01,987141,607889,22568727,424855,21515,23015097,22.862719,0.615808,37.126395,33
2014,8,2014-08-01,1136793,733395,23828272,788497,21242,24638011,20.960959,0.645144,32.490366,39
2014,9,2014-09-01,827188,542231,16528317,499016,16885,17044218,19.981331,0.655511,30.482058,30
2014,10,2014-10-01,1050068,680417,18575139,680376,15254,19270769,17.689463,0.647974,27.29964,47
2014,11,2014-11-01,469931,350297,9126698,500104,6318,9633120,19.421358,0.745422,26.054171,40
2014,12,2014-12-01,380168,278609,7865217,327498,6170,8198885,20.688793,0.732858,28.230305,28
2015,1,2015-01-01,1260665,854406,29487508,727947,23628,30239083,23.390439,0.677742,34.51229,35
2015,2,2015-02-01,918933,619996,21238209,498011,16113,21752333,23.111814,0.674691,34.255397,29
2015,3,2015-03-01,998926,679014,23756709,474937,23901,24255547,23.782251,0.679744,34.987068,33
2015,4,2015-04-01,898117,626643,16553218,432727,14644,17000589,18.431026,0.69773,26.415707,40
2015,5,2015-05-01,792952,553161,17806878,381935,16658,18205471,22.456439,0.697597,32.191131,43
2015,6,2015-06-01,1026825,708331,24683615,446322,22071,25152008,24.038775,0.689826,34.847571,31
2015,7,2015-07-01,997025,663045,22095018,439014,19776,22553808,22.160947,0.665023,33.323557,43
2015,8,2015-08-01,582710,396261,12172562,211796,10492,12394850,20.889571,0.680031,30.718547,36
2015,9,2015-09-01,623121,400091,14336141,196890,12755,14545786,23.006994,0.642076,35.832201,34
2015,10,2015-10-01,416685,298082,11111623,129552,9753,11250928,26.666722,0.715365,37.277068,32
2015,11,2015-11-01,272920,196991,5437390,122089,3381,5562860,19.923018,0.72179,27.602225,39
2015,12,2015-12-01,272209,175040,4797030,106427,2876,4906333,17.622599,0.643035,27.405336,25
2016,1,2016-01-01,501603,325517,12466335,139919,9918,12616172,24.852991,0.648953,38.297032,26
2016,2,2016-02-01,498313,325905,11299987,183056,8081,11491124,22.676484,0.654017,34.672641,33
2016,3,2016-03-01,368923,248402,10123372,175388,9618,10308378,27.440338,0.673317,40.753987,38
2016,4,2016-04-01,218827,151966,5550849,81194,3924,5635967,25.366381,0.694457,36.526914,28
2016,5,2016-05-01,239525,163593,6031850,216788,4711,6253349,25.182549,0.682989,36.871076,34
2016,6,2016-06-01,468404,340987,13781389,192485,12436,13986310,29.422014,0.727976,40.416171,29
2016,7,2016-07-01,280817,199834,8573367,112966,7775,8694108,30.530085,0.711616,42.902444,29
2016,8,2016-08-01,439749,319046,12662742,213897,8307,12884946,28.795386,0.725518,39.689393,34
2016,9,2016-09-01,487614,343939,14638609,246639,11407,14896655,30.020896,0.705351,42.561643,34
2016,10,2016-10-01,466769,338193,9887903,322809,6592,10217304,21.183718,0.72454,29.237456,40
2016,11,2016-11-01,357110,241700,7025538,181343,5298,7212179,19.673316,0.676822,29.067182,40
2016,12,2016-12-01,294127,192967,7233906,248167,5499,7487572,24.594498,0.656067,37.487788,41
2017,1,2017-01-01,456339,315884,12003466,183200,10640,12197306,26.303836,0.692213,37.999601,43
2017,2,2017-02-01,312857,216215,9814523,146621,7899,9969043,31.370636,0.691098,45.392424,28
2017,3,2017-03-01,424967,289152,11479944,202862,10193,11692999,27.01373,0.68041,39.702108,47
2017,4,2017-04-01,304918,212669,5600973,149564,4249,5754786,18.368784,0.697463,26.336575,41
2017,5,2017-05-01,347857,221130,5680648,194716,4534,5879898,16.330412,0.635692,25.689178,47
2017,6,2017-06-01,350682,222053,7010101,170179,4776,7185056,19.989908,0.633203,31.569495,40
2017,7,2017-07-01,444777,289814,7485290,198436,5695,7689421,16.82931,0.651594,25.82791,53
2017,8,2017-08-01,418860,287788,9310931,287414,6535,9604880,22.22922,0.687074,32.353437,40
2017,9,2017-09-01,435292,287137,11261411,291428,8060,11560899,25.870935,0.659642,39.219644,55
2017,10,2017-10-01,488896,326747,9666275,288394,7078,9961747,19.771639,0.668336,29.583363,52
2017,11,2017-11-01,425063,271896,7300432,211303,6068,7517803,17.174941,0.63966,26.85009,50
2017,12,2017-12-01,203502,136039,4072151,103252,2295,4177698,20.010373,0.66849,29.933703,43
2018,1,2018-01-01,695704,439516,15499874,308237,11743,15819854,22.279409,0.631757,35.265779,45
2018,2,2018-02-01,532418,333989,11341655,242806,8815,11593276,21.302163,0.627306,33.958169,63
2018,3,2018-03-01,473949,303933,8121098,242908,5939,8369945,17.134962,0.641278,26.720027,49
2018,4,2018-04-01,611669,410124,11849300,275747,7646,12132693,19.372079,0.6705,28.891994,48
2018,5,2018-05-01,514323,340274,9606793,266077,5100,9877970,18.678521,0.661596,28.232521,46
2018,6,2018-06-01,731407,482558,15572523,345583,10768,15928874,21.291187,0.659767,32.27078,42
2018,7,2018-07-01,911729,555866,15475410,457665,10594,15943669,16.973695,0.609683,27.840181,49
2018,8,2018-08-01,895694,560307,16905775,325200,12400,17243375,18.874498,0.625556,30.172343,53
2018,9,2018-09-01,826355,496444,14653955,270642,9919,14934516,17.733244,0.600764,29.517841,48
2018,10,2018-10-01,827177,484574,15026120,268443,10480,15305043,18.165544,0.585817,31.008927,50
2018,11,2018-11-01,610712,375667,11525789,236927,7546,11770262,18.872708,0.61513,30.680866,48
2018,12,2018-12-01,487089,303157,9186151,152464,6108,9344723,18.859286,0.622385,30.301629,40
2019,1,2019-01-01,1059557,642109,20972903,387029,14358,21374290,19.79403,0.606016,32.662528,47
2019,2,2019-02-01,735365,457321,13406391,325870,8477,13740738,18.230934,0.621897,29.315057,51
2019,3,2019-03-01,570089,329817,11460297,191965,8357,11660619,20.102645,0.578536,34.747442,43
2019,4,2019-04-01,803776,460615,14671934,274980,9864,14956778,18.25376,0.573064,31.852923,52
2019,5,2019-05-01,718092,427975,13294847,301038,8734,13604619,18.514128,0.595989,31.064541,53
2019,6,2019-06-01,593162,361560,12714971,452524,8075,13175570,21.435916,0.609547,35.166974,40
2019,7,2019-07-01,707422,443767,15700484,537720,10240,16248444,22.193944,0.627302,35.380017,55
2019,8,2019-08-01,721060,444441,14445908,437874,9316,14893098,20.034266,0.616372,32.503545,52
2019,9,2019-09-01,1197624,741767,23368455,443572,15495,23827522,19.512347,0.619366,31.503767,46
2019,10,2019-10-01,837509,549058,16675032,468065,11149,17154246,19.910272,0.655585,30.370256,50
2019,11,2019-11-01,434049,293049,9706926,165764,6566,9879256,22.363664,0.675152,33.123901,47
2019,12,2019-12-01,752701,517217,15883316,291635,10278,16185229,21.10176,0.687148,30.709192,38
2020,1,2020-01-01,958488,638321,20140786,261017,13822,20415625,21.013081,0.665967,31.552755,40
2020,2,2020-02-01,616216,387097,13045532,213126,8442,13267100,21.170388,0.628184,33.700938,48
2020,3,2020-03-01,691332,449663,12970386,316410,7923,13294719,18.761443,0.65043,28.844681,44
2020,4,2020-04-01,496874,336302,9973149,102087,7184,10082420,20.071787,0.676836,29.655337,32
2020,5,2020-05-01,370644,232859,7439113,105356,4776,7549245,20.070777,0.628255,31.946856,28
2020,6,2020-06-01,492313,342156,10774559,169482,6354,10950395,21.885587,0.694997,31.490195,28
2020,7,2020-07-01,722862,463616,16498964,219011,9539,16727514,22.8245,0.641362,35.587564,37
2020,8,2020-08-01,509156,329055,11927095,172363,7779,12107237,23.425227,0.646275,36.246509,41
2020,9,2020-09-01,494173,336991,12063775,161968,8127,12233870,24.412048,0.681929,35.798508,39
2020,10,2020-10-01,407146,296152,10473526,170580,6432,10650538,25.724251,0.727385,35.365373,40
2020,11,2020-11-01,264979,196493,6787872,120772,3920,6912564,25.616641,0.741542,34.545108,43
2020,12,2020-12-01,355388,245687,8490184,132269,5968,8628421,23.889901,0.69132,34.556912,36
2021,1,2021-01-01,429659,311493,10281233,206736,5534,10493503,23.92882,0.724977,33.006305,39
2021,2,2021-02-01,363719,238483,8923005,187948,4595,9115548,24.532689,0.655679,37.415686,48
2021,3,2021-03-01,664854,412431,14679655,363413,8939,15052007,22.079517,0.620333,35.592996,47
2021,4,2021-04-01,793006,524445,18580353,581622,12287,19174262,23.43028,0.661338,35.428602,44
2021,5,2021-05-01,564255,365035,13151798,356071,8030,13515899,23.308252,0.646933,36.028868,43
2021,6,2021-06-01,468843,319838,12398301,341286,7756,12747343,26.444462,0.682186,38.764315,64
2021,7,2021-07-01,569626,387103,14026925,473222,9832,14509979,24.624798,0.679574,36.23564,48
2021,8,2021-08-01,485690,320869,11531488,489493,7438,12028419,23.742486,0.660646,35.938305,30
2021,9,2021-09-01,469880,310126,10855298,420471,7018,11282787,23.102277,0.660011,35.002863,45
2021,10,2021-10-01,279233,192866,6412306,260872,3812,6676990,22.963998,0.690699,33.247467,48
2021,11,2021-11-01,219006,154670,5505805,269481,2937,5778223,25.139973,0.706236,35.59711,34
2021,12,2021-12-01,320900,220117,7036204,278278,3167,7317649,21.926469,0.685936,31.965745,38
2022,1,2022-01-01,398413,280202,10090011,441210,4601,10535822,25.325506,0.703295,36.009775,37
2022,2,2022-02-01,351090,244682,9048424,383520,4499,9436443,25.772377,0.696921,36.980342,37
2022,3,2022-03-01,482128,355778,13744523,749199,7415,14501137,28.508037,0.737933,38.632302,48
2022,4,2022-04-01,528535,375915,14670130,543126,7751,15221007,27.756213,0.71124,39.025125,37
2022,5,2022-05-01,472812,322703,12584071,436341,6682,13027094,26.61538,0.682519,38.995829,43
2022,6,2022-06-01,421032,304669,12023018,524553,6968,12554539,28.556067,0.723624,39.462558,52
2022,7,2022-07-01,333265,235659,9194643,611718,4932,9811293,27.589585,0.707122,39.016728,45
2022,8,2022-08-01,410934,292396,11312984,692459,6386,12011829,27.529929,0.71154,38.690625,46
2022,9,2022-09-01,577246,403145,14484038,774341,7559,15265938,25.091621,0.698394,35.927614,42
2022,10,2022-10-01,559887,416779,15573074,840477,7252,16420803,27.814673,0.744398,37.365304,44
2022,11,2022-11-01,501367,357007,12210133,866000,6974,13083107,24.353683,0.712067,34.201383,47
2022,12,2022-12-01,665836,442495,16549043,951996,8244,17509283,24.854533,0.664571,37.39939,48
2023,1,2023-01-01,818678,554838,22014350,865045,9074,22888469,26.89012,0.677724,39.677077,53
2023,2,2023-02-01,583040,387554,15740375,537910,7244,16285529,26.997076,0.664713,40.614663,45
2023,3,2023-03-01,369179,232180,9679932,348612,4453,10032997,26.220159,0.628909,41.691498,57
2023,4,2023-04-01,551778,372794,14626552,395698,6875,15029125,26.508038,0.675623,39.234945,65
2023,5,2023-05-01,806718,551775,20585949,463385,9149,21058483,25.518148,0.683975,37.308593,69
2023,6,2023-06-01,700873,468177,16849216,375943,9474,17234633,24.040327,0.667991,35.988987,58
2023,7,2023-07-01,734411,508920,19834665,325976,9352,20169993,27.007582,0.692963,38.974033,55
2023,8,2023-08-01,827694,564895,18218364,394660,9480,18622504,22.01099,0.682493,32.250886,67
2023,9,2023-09-01,636198,427876,15365295,265409,8374,15639078,24.15175,0.672552,35.910626,58
2023,10,2023-10-01,495611,357363,12705171,192564,6801,12904536,25.635369,0.721055,35.552564,51
2023,11,2023-11-01,659436,471748,15535485,249431,7968,15792884,23.558746,0.715381,32.931745,49
2023,12,2023-12-01,490166,352049,11680750,203867,6282,11890899,23.830192,0.718224,33.17933,55
2024,1,2024-01-01,602730,383287,15909917,284994,8701,16203612,26.396425,0.635918,41.509148,58
2024,2,2024-02-01,905620,642022,21846618,339576,10451,22196645,24.123383,0.708931,34.027834,59
2024,3,2024-03-01,646084,435152,14607155,353664,7983,14968802,22.608755,0.673522,33.567937,56
2024,4,2024-04-01,446260,295361,9444642,196464,5641,9646747,21.16399,0.661859,31.976605,62
2024,5,2024-05-01,586820,414270,14976058,296301,7323,15279682,25.520701,0.705958,36.150477,55
2024,6,2024-06-01,600212,430616,15560478,300534,7651,15868663,25.92497,0.71744,36.135392,50
2024,7,2024-07-01,611802,420247,14921259,351397,6971,15279627,24.389033,0.6869,35.505926,59
2024,8,2024-08-01,769667,532637,16078394,588704,8560,16675658,20.890065,0.692036,30.186401,58
2024,9,2024-09-01,1020737,711359,22743073,620500,10217,23373790,22.281031,0.696907,31.971301,61
2024,10,2024-10-01,748314,519915,17127649,526744,7608,17662001,22.888318,0.694782,32.943171,64
2024,11,2024-11-01,699676,508637,17182320,613888,6278,17802486,24.557538,0.726961,33.781105,55
2024,12,2024-12-01,882534,609913,18969526,529998,7688,19507212,21.494385,0.691093,31.102019,58
2025,1,2025-01-01,1020900,685801,21559882,674304,9270,22243456,21.118505,0.671761,31.437519,69
2025,2,2025-02-01,1078481,740887,22722915,733840,9566,23466321,21.06937,0.686973,30.669879,72
2025,3,2025-03-01,846957,562783,17664178,499222,8408,18171808,20.856051,0.664476,31.387192,52
2025,4,2025-04-01,881651,614369,20970126,467426,8380,21445932,23.785065,0.696839,34.132787,60
2025,5,2025-05-01,674213,482155,16233304,566604,6376,16806284,24.077412,0.715138,33.668227,66
2025,6,2025-06-01,859769,588055,19296046,643880,7018,19946944,22.443291,0.683969,32.813335,74
2025,7,2025-07-01,1314995,905142,28618451,635842,11442,29265735,21.763163,0.688324,31.617637,68
2025,8,2025-08-01,993199,681793,20902609,528463,15075,21446147,21.045741,0.686462,30.658292,75
2025,9,2025-09-01,910658,617578,22451043,496064,8386,22955493,24.653649,0.678167,36.353372,78
2025,10,2025-10-01,764545,541005,21230452,400264,7618,21638334,27.768741,0.707617,39.242617,73
2025,11,2025-11-01,790959,513790,19941037,336925,8488,20286450,25.211214,0.649579,38.811649,71
2025,12,2025-12-01,989207,687284,27278519,484290,7569,27770378,27.576148,0.694783,39.690316,65
2026,1,2026-01-01,1142484,781355,28334560,619481,8837,28962878,24.800837,0.683909,36.263363,70
2026,2,2026-02-01,800693,538034,19821304,374399,8042,20203745,24.755186,0.67196,36.840244,59
2026,3,2026-03-01,899430,612816,26244901,415599,6863,26667363,29.179481,0.681338,42.826723,76
2026,4,2026-04-01,893590,629111,26160225,421032,8456,26589713,29.275423,0.704026,41.582845,66
